{
    "dl_x_data_s1_over_g1": [
        63.240510213062855,
        104.79855978164701,
        111.73687608219292,
        156.04632694237287,
        163.3752331985397,
        209.76573151417443,
        216.2967690320279,
        264.13163141411104,
        271.57558380218063,
        320.7585635458826,
        327.6616686984728,
        377.90312456557194,
        384.6121450917322,
        435.7455516646215,
        442.57989994727046,
        494.5152963696542,
        501.154360359117,
        553.7870100771977,
        559.8769642700673,
        613.0884112874704
    ],
    "dl_y_data_s2_over_s1": [
        113.7420566353722,
        113.7420566353722,
        95.42861461029229,
        95.42861461029229,
        83.01997577903887,
        83.01997577903887,
        75.04240484617513,
        75.04240484617513,
        68.01919084777248,
        68.01919084777248,
        62.76904245177087,
        62.76904245177087,
        58.51363179826289,
        58.51363179826289,
        54.81221271817491,
        54.81221271817491,
        51.68584933230266,
        51.68584933230266,
        49.152857683466,
        49.152857683466
    ],
    "dl_x_data_s1": [
        7.588861225567542,
        8.142968553148664,
        8.697075880729786,
        9.25118320831091,
        9.80529053589203,
        10.359397863473152,
        10.913505191054275,
        11.467612518635397,
        12.021719846216518,
        12.575827173797641,
        13.40842512986315,
        13.999217807998882,
        14.590010486134616,
        15.180803164270348,
        15.77159584240608,
        16.362388520541813,
        16.953181198677548,
        17.543973876813276,
        18.13476655494901,
        18.725559233084745,
        19.605027983824762,
        20.22356796136656,
        20.842107938908352,
        21.460647916450153,
        22.07918789399195,
        22.697727871533743,
        23.31626784907554,
        23.934807826617337,
        24.553347804159134,
        25.17188778170093,
        25.955612283843347,
        26.59341044893779,
        27.23120861403223,
        27.869006779126675,
        28.506804944221116,
        29.144603109315554,
        29.782401274409995,
        30.42019943950444,
        31.057997604598885,
        31.695795769693323,
        32.589070056261676,
        33.24484311951104,
        33.900616182760395,
        34.55638924600976,
        35.212162309259114,
        35.86793537250847,
        36.52370843575783,
        37.179481499007196,
        37.83525456225655,
        38.491027625505915,
        39.31940024381674,
        39.98928632204473,
        40.65917240027271,
        41.329058478500706,
        41.99894455672869,
        42.66883063495668,
        43.33871671318467,
        44.008602791412656,
        44.67848886964064,
        45.348374947868635,
        46.153457411007864,
        46.83523616531305,
        47.51701491961824,
        48.19879367392343,
        48.88057242822862,
        49.56235118253382,
        50.24412993683901,
        50.925908691144194,
        51.607687445449386,
        52.28946619975458,
        53.109587993672456,
        53.8020599459709,
        54.49453189826936,
        55.1870038505678,
        55.87947580286625,
        56.57194775516471,
        57.264419707463155,
        57.95689165976161,
        58.64936361206005,
        59.341835564358504,
        60.138523243094035,
        60.84029190600178,
        61.54206056890952,
        62.24382923181726,
        62.94559789472501,
        63.64736655763275,
        64.34913522054049,
        65.05090388344824,
        65.75267254635598,
        66.45444120926372,
        67.18523571240807,
        67.89472167264012,
        68.60420763287216,
        69.3136935931042,
        70.02317955333625,
        70.73266551356828,
        71.44215147380032,
        72.15163743403237,
        72.86112339426441,
        73.57060935449645
    ],
    "dl_y_data_s2": [
        863.1726833164834,
        926.1979903522902,
        989.2232973880969,
        1052.2486044239038,
        1115.2739114597102,
        1178.299218495517,
        1241.3245255313238,
        1304.3498325671305,
        1367.3751396029372,
        1430.400446638744,
        1279.5474342486689,
        1335.925961045066,
        1392.3044878414635,
        1448.6830146378607,
        1505.061541434258,
        1561.4400682306552,
        1617.8185950270527,
        1674.1971218234496,
        1730.575648619847,
        1786.9541754162444,
        1627.608948364511,
        1678.9601223183984,
        1730.3112962722853,
        1781.6624702261727,
        1833.01364418006,
        1884.364818133947,
        1935.7159920878341,
        1987.0671660417213,
        2038.4183399956087,
        2089.769513949496,
        1947.7715650345287,
        1995.6334731496936,
        2043.4953812648582,
        2091.3572893800233,
        2139.219197495188,
        2187.0811056103526,
        2234.943013725517,
        2282.804921840682,
        2330.666829955847,
        2378.5287380710115,
        2216.6821757082903,
        2261.287328850277,
        2305.8924819922636,
        2350.4976351342502,
        2395.1027882762364,
        2439.7079414182226,
        2484.3130945602097,
        2528.9182477021964,
        2573.5234008441826,
        2618.1285539861697,
        2468.041103082303,
        2510.089210764446,
        2552.1373184465883,
        2594.1854261287317,
        2636.233533810874,
        2678.281641493017,
        2720.32974917516,
        2762.377856857303,
        2804.4259645394454,
        2846.4740722215893,
        2700.6064131645217,
        2740.499764161814,
        2780.393115159106,
        2820.2864661563985,
        2860.1798171536902,
        2900.0731681509833,
        2939.9665191482754,
        2979.8598701455676,
        3019.7532211428597,
        3059.6465721401523,
        2911.054034483803,
        2949.0099544345553,
        2986.9658743853083,
        3024.92179433606,
        3062.877714286813,
        3100.8336342375655,
        3138.789554188318,
        3176.7454741390707,
        3214.7013940898228,
        3252.6573140405753,
        3108.31065140974,
        3144.582160786921,
        3180.853670164102,
        3217.1251795412827,
        3253.3966889184644,
        3289.668198295645,
        3325.939707672826,
        3362.2112170500077,
        3398.4827264271885,
        3434.7542358043697,
        3302.3463294021117,
        3337.2195918338143,
        3372.0928542655174,
        3406.96611669722,
        3441.839379128923,
        3476.7126415606253,
        3511.585903992328,
        3546.459166424031,
        3581.332428855734,
        3616.205691287437
    ],
    "nr_acceptance": 0.3,
    "er_rejection": 0.9987640752338096,
    "er_rejection_uncertainty": 0.002880068938155165
}