{
    "dl_x_data_s1_over_g1": [
        80.1621814417957,
        132.84018638926145,
        137.55193660823545,
        192.0983942287426,
        196.66803475897063,
        252.51204462880182,
        257.0139578119607,
        313.85358309729827,
        318.0467605866714,
        375.645780220478,
        379.60074376445044,
        437.80619114166615,
        441.65415174759625,
        500.371177702479,
        504.28611042388746,
        563.4625417491395,
        567.4697918148605,
        627.0670758867409,
        631.335057452575,
        691.3379761360842
    ],
    "dl_y_data_s2_over_s1": [
        102.97070235505055,
        102.97070235505055,
        87.0308684129126,
        87.0308684129126,
        76.5889746756294,
        76.5889746756294,
        68.90012496210622,
        68.90012496210622,
        63.2142327267016,
        63.2142327267016,
        58.780210154444134,
        58.780210154444134,
        55.110918530523264,
        55.110918530523264,
        51.86990527288707,
        51.86990527288707,
        48.94472600208936,
        48.94472600208936,
        46.16415671483943,
        46.16415671483943
    ],
    "dl_x_data_s1": [
        9.619461773015484,
        10.321835172315026,
        11.024208571614569,
        11.726581970914115,
        12.428955370213655,
        13.1313287695132,
        13.833702168812744,
        14.536075568112286,
        15.23844896741183,
        15.940822366711373,
        16.506232392988252,
        17.233518494595014,
        17.960804596201775,
        18.68809069780854,
        19.415376799415302,
        20.142662901022064,
        20.869949002628825,
        21.597235104235583,
        22.32452120584235,
        23.05180730744911,
        23.600164171076475,
        24.34475096934089,
        25.089337767605304,
        25.833924565869722,
        26.578511364134137,
        27.323098162398555,
        28.06768496066297,
        28.812271758927388,
        29.556858557191802,
        30.301445355456217,
        30.841674937435286,
        31.59953660790645,
        32.357398278377616,
        33.11525994884879,
        33.87312161931995,
        34.63098328979112,
        35.38884496026229,
        36.14670663073346,
        36.90456830120463,
        37.66242997167579,
        38.16561127040057,
        38.933598198851314,
        39.701585127302074,
        40.46957205575283,
        41.23755898420358,
        42.00554591265434,
        42.773532841105094,
        43.54151976955585,
        44.30950669800661,
        45.07749362645736,
        45.55208925173405,
        46.32816188343026,
        47.10423451512647,
        47.88030714682268,
        48.65637977851889,
        49.4324524102151,
        50.20852504191131,
        50.98459767360752,
        51.76067030530373,
        52.536742936999936,
        52.99849820971155,
        53.78139188910998,
        54.564285568508424,
        55.34717924790686,
        56.1300729273053,
        56.91296660670373,
        57.69586028610216,
        58.4787539655006,
        59.261647644899035,
        60.04454132429748,
        60.51433325086649,
        61.303352335203186,
        62.09237141953989,
        62.881390503876574,
        63.67040958821327,
        64.45942867254996,
        65.24844775688665,
        66.03746684122336,
        66.82648592556005,
        67.61550500989674,
        68.09637501778326,
        68.891005472075,
        69.68563592636673,
        70.48026638065846,
        71.27489683495021,
        72.06952728924196,
        72.8641577435337,
        73.65878819782543,
        74.45341865211716,
        75.2480491064089,
        75.76020689430901,
        76.56024581008911,
        77.36028472586923,
        78.16032364164937,
        78.96036255742949,
        79.76040147320961,
        80.56044038898973,
        81.36047930476985,
        82.16051822054997,
        82.9605571363301
    ],
    "dl_y_data_s2": [
        990.5227350449642,
        1062.8466172863425,
        1135.1704995277207,
        1207.4943817690994,
        1279.8182640104774,
        1352.1421462518558,
        1424.4660284932343,
        1496.7899107346125,
        1569.113792975991,
        1641.4376752173691,
        1436.551739387116,
        1499.8480803945943,
        1563.1444214020726,
        1626.440762409551,
        1689.7371034170292,
        1753.0334444245075,
        1816.3297854319858,
        1879.6261264394636,
        1942.9224674469422,
        2006.2188084544205,
        1807.5123760392726,
        1864.5395154753537,
        1921.5666549114349,
        1978.5937943475165,
        2035.6209337835976,
        2092.648073219679,
        2149.6752126557603,
        2206.702352091842,
        2263.729491527923,
        2320.756630964004,
        2124.9952572299508,
        2177.2120210294047,
        2229.428784828858,
        2281.6455486283126,
        2333.8623124277665,
        2386.0790762272204,
        2438.295840026675,
        2490.512603826129,
        2542.7293676255827,
        2594.9461314250366,
        2412.609833003927,
        2461.1575374300774,
        2509.7052418562284,
        2558.252946282379,
        2606.8006507085297,
        2655.348355134681,
        2703.8960595608314,
        2752.443763986982,
        2800.991468413133,
        2849.5391728392838,
        2677.5613791909236,
        2723.1790915771394,
        2768.7968039633547,
        2814.4145163495705,
        2860.0322287357862,
        2905.649941122002,
        2951.267653508218,
        2996.8853658944336,
        3042.503078280649,
        3088.1207906668647,
        2920.795917075496,
        2963.941906858885,
        3007.0878966422742,
        3050.2338864256626,
        3093.379876209052,
        3136.5258659924407,
        3179.671855775829,
        3222.817845559218,
        3265.9638353426067,
        3309.1098251259955,
        3138.872733374365,
        3179.7990785374095,
        3220.725423700454,
        3261.651768863498,
        3302.5781140265426,
        3343.504459189587,
        3384.430804352631,
        3425.3571495156766,
        3466.2834946787207,
        3507.2098398417647,
        3332.9584169809245,
        3371.851386839149,
        3410.7443566973743,
        3449.637326555599,
        3488.5302964138245,
        3527.4232662720497,
        3566.3162361302743,
        3605.2092059884994,
        3644.102175846724,
        3682.9951457049488,
        3497.4060638175397,
        3534.3391857035826,
        3571.2723075896265,
        3608.205429475671,
        3645.1385513617142,
        3682.071673247758,
        3719.004795133802,
        3755.937917019846,
        3792.8710389058892,
        3829.804160791933
    ],
    "nr_acceptance": 0.3,
    "er_rejection": 0.9989601023464038
}