{
    "dl_x_data_s1_over_g1": [
        80.1484369939149,
        132.81740987563043,
        137.55080469697677,
        192.0968134561227,
        196.70655925122546,
        252.56150817441295,
        256.9717309485917,
        313.8020176006841,
        318.03780667423547,
        375.635204733349,
        379.54009431831184,
        437.7362421137863,
        441.6828167865105,
        500.40365370032407,
        504.36422080505577,
        563.5498181444245,
        567.4681210302579,
        627.0652296316091,
        631.380460243782,
        691.3876940686041
    ],
    "dl_y_data_s2_over_s1": [
        103.05050191268701,
        103.05050191268701,
        87.03456652656368,
        87.03456652656368,
        76.50300623528813,
        76.50300623528813,
        68.97099290527152,
        68.97099290527152,
        63.22621437487524,
        63.22621437487524,
        58.84750830162544,
        58.84750830162544,
        55.083824379770284,
        55.083824379770284,
        51.80575281847821,
        51.80575281847821,
        48.94593701866583,
        48.94593701866583,
        46.13477909540848,
        46.13477909540848
    ],
    "dl_x_data_s1": [
        9.617812439269787,
        10.320065411025995,
        11.0223183827822,
        11.724571354538408,
        12.426824326294616,
        13.129077298050824,
        13.83133026980703,
        14.533583241563237,
        15.235836213319443,
        15.93808918507565,
        16.50609656363721,
        17.233376680425824,
        17.960656797214437,
        18.687936914003046,
        19.415217030791663,
        20.142497147580272,
        20.86977726436889,
        21.597057381157498,
        22.32433749794611,
        23.051617614734724,
        23.604787110147054,
        24.34951976245622,
        25.094252414765386,
        25.838985067074553,
        26.58371771938372,
        27.328450371692888,
        28.073183024002052,
        28.81791567631122,
        29.562648328620387,
        30.30738098092955,
        30.836607713831004,
        31.594344869192234,
        32.35208202455346,
        33.1098191799147,
        33.867556335275935,
        34.62529349063716,
        35.383030645998396,
        36.14076780135962,
        36.89850495672086,
        37.65624211208209,
        38.16453680090825,
        38.9325021083631,
        39.70046741581795,
        40.4684327232728,
        41.23639803072764,
        42.004363338182486,
        42.77232864563734,
        43.54029395309219,
        44.308259260547025,
        45.07622456800188,
        45.54481131819742,
        46.320759955470415,
        47.096708592743404,
        47.8726572300164,
        48.64860586728939,
        49.42455450456239,
        50.20050314183538,
        50.97645177910837,
        51.75240041638136,
        52.52834905365436,
        53.00193801438126,
        53.78488250656544,
        54.56782699874962,
        55.3507714909338,
        56.13371598311799,
        56.91666047530216,
        57.699604967486344,
        58.48254945967053,
        59.2654939518547,
        60.04843844403889,
        60.52370649660669,
        61.31284779446494,
        62.101989092323194,
        62.89113039018144,
        63.68027168803969,
        64.46941298589795,
        65.2585542837562,
        66.04769558161443,
        66.8368368794727,
        67.62597817733094,
        68.09617452363094,
        68.89080263831562,
        69.68543075300032,
        70.48005886768499,
        71.27468698236967,
        72.06931509705436,
        72.86394321173904,
        73.65857132642371,
        74.45319944110841,
        75.2478275557931,
        75.76565522925384,
        76.56575168025147,
        77.3658481312491,
        78.16594458224672,
        78.96604103324435,
        79.76613748424197,
        80.5662339352396,
        81.36633038623722,
        82.16642683723487,
        82.9665232882325
    ],
    "dl_y_data_s2": [
        991.1203991688361,
        1063.4879203779894,
        1135.8554415871424,
        1208.2229627962956,
        1280.5904840054488,
        1352.958005214602,
        1425.325526423755,
        1497.6930476329082,
        1570.0605688420612,
        1642.4280900512144,
        1436.600959461767,
        1499.8994691698524,
        1563.197978877938,
        1626.4964885860234,
        1689.794998294109,
        1753.0935080021943,
        1816.3920177102802,
        1879.6905274183655,
        1942.989037126451,
        2006.2875468345364,
        1805.8371754702289,
        1862.8114622134597,
        1919.7857489566904,
        1976.7600356999212,
        2033.7343224431522,
        2090.708609186383,
        2147.6828959296136,
        2204.6571826728446,
        2261.6314694160756,
        2318.605756159306,
        2126.831451853279,
        2179.093335819759,
        2231.3552197862386,
        2283.6171037527197,
        2335.8789877192,
        2388.1408716856795,
        2440.40275565216,
        2492.6646396186397,
        2544.9265235851203,
        2597.1884075516004,
        2412.9991852920402,
        2461.554724453648,
        2510.1102636152546,
        2558.665802776862,
        2607.2213419384693,
        2655.776881100076,
        2704.3324202616836,
        2752.887959423291,
        2801.4434985848975,
        2849.9990377465047,
        2680.1986621435867,
        2725.861306017144,
        2771.5239498907017,
        2817.186593764259,
        2862.8492376378163,
        2908.511881511374,
        2954.1745253849313,
        2999.8371692584888,
        3045.4998131320463,
        3091.1624570056038,
        2919.549445371648,
        2962.6770222782297,
        3005.804599184811,
        3048.9321760913936,
        3092.0597529979755,
        3135.187329904557,
        3178.314906811139,
        3221.442483717721,
        3264.570060624302,
        3307.6976375308845,
        3135.47617842133,
        3176.358237437028,
        3217.2402964527255,
        3258.122355468423,
        3299.0044144841204,
        3339.8864734998183,
        3380.768532515516,
        3421.6505915312127,
        3462.532650546911,
        3503.414709562608,
        3333.0310694457166,
        3371.924887100334,
        3410.8187047549527,
        3449.71252240957,
        3488.6063400641874,
        3527.500157718805,
        3566.3939753734226,
        3605.2877930280397,
        3644.181610682658,
        3683.0754283372758,
        3495.4317670205064,
        3532.3440400423024,
        3569.2563130640983,
        3606.1685860858943,
        3643.08085910769,
        3679.9931321294853,
        3716.9054051512812,
        3753.817678173077,
        3790.7299511948736,
        3827.6422242166695
    ],
    "nr_acceptance": 0.3,
    "er_rejection": 0.9989659295324063,
    "er_rejection_uncertainty": 0.0008205016518405114
}