{
    "dl_x_data_s1_over_g1": [
        62.87658318274489,
        104.19548070283439,
        111.84758245287206,
        156.20093411521788,
        163.15022956016685,
        209.4768379537945,
        216.36348144193872,
        264.21309753005977,
        271.2544174874593,
        320.37923325290467,
        327.33409992178764,
        377.52532857646173,
        384.0163264518247,
        435.0705201419517,
        441.5453583895532,
        493.35935452710277,
        499.7353718145052,
        552.218995338403,
        558.822750830539,
        611.9340040086481
    ],
    "dl_y_data_s2_over_s1": [
        115.44907341058477,
        115.44907341058477,
        95.15482484474802,
        95.15482484474802,
        83.38434390556927,
        83.38434390556927,
        74.96340146016283,
        74.96340146016283,
        68.3142478308722,
        68.3142478308722,
        63.01316989270084,
        63.01316989270084,
        58.8855327036725,
        58.8855327036725,
        55.365151093311574,
        55.365151093311574,
        52.347077171640834,
        52.347077171640834,
        49.58738488247966,
        49.58738488247966
    ],
    "dl_x_data_s1": [
        7.545189981929386,
        8.09610861553058,
        8.647027249131773,
        9.197945882732967,
        9.74886451633416,
        10.299783149935353,
        10.850701783536545,
        11.401620417137739,
        11.952539050738933,
        12.503457684340127,
        13.421709894344646,
        14.013087916509258,
        14.604465938673869,
        15.195843960838479,
        15.787221983003091,
        16.3786000051677,
        16.969978027332314,
        17.561356049496922,
        18.152734071661534,
        18.744112093826143,
        19.57802754722002,
        20.195715659135058,
        20.81340377105009,
        21.431091882965127,
        22.048779994880164,
        22.666468106795197,
        23.284156218710233,
        23.901844330625266,
        24.519532442540303,
        25.13722055445534,
        25.963617773032645,
        26.601612654207592,
        27.23960753538254,
        27.877602416557487,
        28.515597297732434,
        29.15359217890738,
        29.79158706008233,
        30.429581941257275,
        31.067576822432226,
        31.70557170360717,
        32.550530098495116,
        33.20552764203438,
        33.86052518557366,
        34.51552272911293,
        35.1705202726522,
        35.82551781619148,
        36.480515359730745,
        37.13551290327002,
        37.790510446809286,
        38.44550799034856,
        39.280091990614515,
        39.94930837267684,
        40.61852475473916,
        41.28774113680148,
        41.9569575188638,
        42.62617390092612,
        43.29539028298844,
        43.964606665050766,
        44.63382304711308,
        45.303039429175406,
        46.08195917421896,
        46.762681756753985,
        47.44340433928902,
        48.12412692182404,
        48.80484950435907,
        49.485572086894095,
        50.16629466942912,
        50.84701725196415,
        51.52773983449917,
        52.208462417034205,
        52.98544300674638,
        53.676296288580374,
        54.36714957041437,
        55.058002852248364,
        55.74885613408236,
        56.439709415916354,
        57.13056269775034,
        57.82141597958434,
        58.51226926141834,
        59.20312254325233,
        59.96824461774062,
        60.668026264725924,
        61.36780791171123,
        62.06758955869653,
        62.76737120568185,
        63.46715285266714,
        64.16693449965244,
        64.86671614663776,
        65.56649779362306,
        66.26627944060836,
        67.05873009966467,
        67.76688014203947,
        68.47503018441427,
        69.18318022678903,
        69.89133026916383,
        70.59948031153861,
        71.30763035391341,
        72.01578039628819,
        72.72393043866298,
        73.43208048103777
    ],
    "dl_y_data_s2": [
        871.0851921205746,
        934.6882378944579,
        998.291283668341,
        1061.8943294422243,
        1125.4973752161075,
        1189.1004209899907,
        1252.7034667638736,
        1316.306512537757,
        1379.9095583116402,
        1443.5126040855237,
        1277.1404541133863,
        1333.4129262294935,
        1389.6853983456006,
        1445.9578704617074,
        1502.2303425778146,
        1558.5028146939217,
        1614.7752868100288,
        1671.0477589261357,
        1727.3202310422428,
        1783.5927031583497,
        1632.500981990103,
        1684.006499940408,
        1735.512017890713,
        1787.0175358410181,
        1838.5230537913233,
        1890.0285717416282,
        1941.5340896919333,
        1993.0396076422383,
        2044.5451255925434,
        2096.050643542849,
        1946.3211024780649,
        1994.1473688851113,
        2041.973635292158,
        2089.7999016992044,
        2137.6261681062506,
        2185.4524345132972,
        2233.2787009203435,
        2281.10496732739,
        2328.931233734437,
        2376.757500141483,
        2223.6649801748604,
        2268.4106446928145,
        2313.156309210769,
        2357.9019737287235,
        2402.647638246677,
        2447.393302764632,
        2492.1389672825862,
        2536.884631800541,
        2581.630296318495,
        2626.375960836449,
        2475.1631100055097,
        2517.3325555833817,
        2559.5020011612532,
        2601.671446739125,
        2643.840892316997,
        2686.010337894868,
        2728.17978347274,
        2770.3492290506115,
        2812.518674628483,
        2854.6881202063546,
        2713.5607140027714,
        2753.6454258987665,
        2793.7301377947615,
        2833.814849690756,
        2873.8995615867507,
        2913.9842734827453,
        2954.06898537874,
        2994.153697274735,
        3034.2384091707295,
        3074.3231210667245,
        2933.5470578145623,
        2971.796254146612,
        3010.045450478661,
        3048.29464681071,
        3086.5438431427597,
        3124.793039474809,
        3163.0422358068577,
        3201.291432138907,
        3239.540628470957,
        3277.7898248030056,
        3139.1623288527035,
        3175.793852730741,
        3212.4253766087786,
        3249.056900486816,
        3285.688424364854,
        3322.3199482428913,
        3358.951472120929,
        3395.5829959989674,
        3432.2145198770045,
        3468.846043755042,
        3325.2670591823958,
        3360.382367888179,
        3395.4976765939623,
        3430.612985299744,
        3465.7282940055275,
        3500.8436027113103,
        3535.9589114170935,
        3571.0742201228763,
        3606.1895288286587,
        3641.3048375344424
    ],
    "nr_acceptance": 0.3,
    "er_rejection": 0.9986203292485093,
    "er_rejection_uncertainty": 0.0009225634001645082
}