{
    "dl_x_data_s1_over_g1": [
        82.46770732315419,
        136.66077213551264,
        137.96456468484766,
        192.6746506805631,
        198.66648450810558,
        255.0779554178146,
        260.58481018148535,
        318.2141432023908,
        325.01335662821384,
        383.8740432616699,
        382.0016347544976,
        440.5752187501872,
        449.81136008580785,
        509.6128703862332,
        503.15798134138737,
        562.2020301722645,
        567.9861567250853,
        627.6376709016923,
        626.4325181623442,
        685.9694930290133
    ],
    "dl_y_data_s2_over_s1": [
        134.94208580034524,
        134.94208580034524,
        128.5301960294746,
        128.5301960294746,
        108.26006404115596,
        108.26006404115596,
        94.48556153139998,
        94.48556153139998,
        81.1379766325781,
        81.1379766325781,
        84.19993217341126,
        84.19993217341126,
        71.31010268024943,
        71.31010268024943,
        79.19799699949303,
        79.19799699949303,
        72.8561943209599,
        72.8561943209599,
        74.04205903480513,
        74.04205903480513
    ],
    "dl_x_data_s1": [
        9.896124878778503,
        10.618699076276615,
        11.341273273774728,
        12.06384747127284,
        12.786421668770952,
        13.508995866269066,
        14.231570063767178,
        14.954144261265292,
        15.676718458763402,
        16.399292656261515,
        16.555747762181717,
        17.285215575457922,
        18.01468338873413,
        18.744151202010336,
        19.47361901528654,
        20.203086828562746,
        20.932554641838955,
        21.66202245511516,
        22.391490268391365,
        23.12095808166757,
        23.83997814097267,
        24.592131086435458,
        25.344284031898244,
        26.096436977361027,
        26.848589922823816,
        27.600742868286602,
        28.35289581374939,
        29.105048759212178,
        29.857201704674964,
        30.60935465013775,
        31.27017722177824,
        32.03856832872364,
        32.80695943566906,
        33.57535054261446,
        34.34374164955987,
        35.11213275650527,
        35.88052386345068,
        36.648914970396085,
        37.417306077341486,
        38.185697184286894,
        39.00160279538566,
        39.786411950498405,
        40.57122110561115,
        41.356030260723905,
        42.14083941583665,
        42.9256485709494,
        43.71045772606214,
        44.495266881174885,
        45.28007603628764,
        46.064885191400386,
        45.84019617053971,
        46.621177290482244,
        47.40215841042477,
        48.1831395303673,
        48.96412065030982,
        49.74510177025235,
        50.52608289019488,
        51.30706401013741,
        52.088045130079934,
        52.869026250022465,
        53.97736321029694,
        54.77471668096928,
        55.57207015164162,
        56.36942362231395,
        57.166777092986294,
        57.96413056365863,
        58.76148403433097,
        59.55883750500331,
        60.356190975675645,
        61.153544446347986,
        60.37895776096648,
        61.16621174537818,
        61.953465729789876,
        62.74071971420156,
        63.52797369861326,
        64.31522768302496,
        65.10248166743665,
        65.88973565184835,
        66.67698963626003,
        67.46424362067174,
        68.15833880701022,
        68.95369232936498,
        69.74904585171974,
        70.54439937407452,
        71.33975289642927,
        72.13510641878403,
        72.93045994113879,
        73.72581346349355,
        74.52116698584832,
        75.31652050820308,
        75.17190217948131,
        75.96572851103689,
        76.75955484259248,
        77.55338117414806,
        78.34720750570365,
        79.14103383725924,
        79.93486016881482,
        80.72868650037042,
        81.52251283192601,
        82.31633916348159
    ],
    "dl_y_data_s2": [
        1335.40373248306,
        1432.9094018389658,
        1530.4150711948716,
        1627.9207405507775,
        1725.4264099066834,
        1822.9320792625895,
        1920.4377486184953,
        2017.9434179744014,
        2115.449087330307,
        2212.954756686213,
        2127.913505287752,
        2221.6721463253343,
        2315.4307873629177,
        2409.1894284005007,
        2502.9480694380836,
        2596.706710475666,
        2690.4653515132495,
        2784.2239925508325,
        2877.9826335884154,
        2971.741274625998,
        2580.9175602814594,
        2662.345686326005,
        2743.7738123705503,
        2825.201938415095,
        2906.630064459641,
        2988.0581905041863,
        3069.486316548732,
        3150.9144425932773,
        3232.3425686378223,
        3313.770694682368,
        2954.58025398611,
        3027.1821192015805,
        3099.7839844170517,
        3172.385849632522,
        3244.987714847993,
        3317.5895800634635,
        3390.191445278934,
        3462.793310494405,
        3535.3951757098753,
        3607.9970409253465,
        3164.5111362450943,
        3228.1889631336658,
        3291.866790022237,
        3355.544616910809,
        3419.2224437993805,
        3482.900270687952,
        3546.578097576523,
        3610.2559244650943,
        3673.933751353666,
        3737.6115782422376,
        3859.74140837531,
        3925.4999657031863,
        3991.2585230310615,
        4057.017080358937,
        4122.775637686813,
        4188.534195014688,
        4254.292752342563,
        4320.05130967044,
        4385.809866998315,
        4451.56842432619,
        3849.131312935393,
        3905.9906708014905,
        3962.850028667588,
        4019.7093865336856,
        4076.5687443997836,
        4133.428102265881,
        4190.287460131979,
        4247.146817998077,
        4304.006175864174,
        4360.865533730273,
        4781.8925155855395,
        4844.2414542808165,
        4906.5903929760925,
        4968.939331671369,
        5031.288270366645,
        5093.637209061922,
        5155.986147757198,
        5218.335086452475,
        5280.68402514775,
        5343.032963843027,
        4965.7571767173595,
        5023.703607495898,
        5081.650038274435,
        5139.5964690529745,
        5197.542899831513,
        5255.489330610051,
        5313.4357613885895,
        5371.382192167128,
        5429.328622945667,
        5487.2750537242055,
        5565.882418931752,
        5624.658955036172,
        5683.435491140594,
        5742.212027245016,
        5800.988563349438,
        5859.76509945386,
        5918.54163555828,
        5977.318171662702,
        6036.094707767124,
        6094.871243871546
    ],
    "nr_acceptance": 0.3,
    "er_rejection": 0.00044470497867437486
}