{
    "dl_x_data_s1_over_g1": [
        80.16612304495486,
        132.84671818878235,
        137.6142965115819,
        192.18548305927817,
        196.7007082348512,
        252.55399575832746,
        256.82150319467763,
        313.61856640119294,
        317.9677305375093,
        375.55243764272745,
        379.39487091345393,
        437.56875112018355,
        441.67406463518927,
        500.3937379681913,
        504.0228568995629,
        563.1683962296137,
        567.6038461922047,
        627.2152090343084,
        631.2893354956842,
        691.2879087039516
    ],
    "dl_y_data_s2_over_s1": [
        102.94782265856712,
        102.94782265856712,
        86.82722381753848,
        86.82722381753848,
        76.51606076683697,
        76.51606076683697,
        69.22330409132351,
        69.22330409132351,
        63.32000983120589,
        63.32000983120589,
        59.0087392775191,
        59.0087392775191,
        55.09209652678925,
        55.09209652678925,
        52.086263170383106,
        52.086263170383106,
        48.84758406428851,
        48.84758406428851,
        46.19374511900436,
        46.19374511900436
    ],
    "dl_x_data_s1": [
        9.619934765394582,
        10.322342700645617,
        11.024750635896648,
        11.727158571147681,
        12.429566506398714,
        13.13197444164975,
        13.834382376900782,
        14.536790312151814,
        15.239198247402847,
        15.941606182653882,
        16.513715581389828,
        17.241331402025775,
        17.96894722266173,
        18.69656304329768,
        19.424178863933626,
        20.15179468456958,
        20.879410505205527,
        21.60702632584148,
        22.33464214647743,
        23.06225796711338,
        23.60408498818214,
        24.34879548849516,
        25.093505988808175,
        25.838216489121194,
        26.582926989434206,
        27.327637489747225,
        28.07234799006024,
        28.81705849037326,
        29.561768990686275,
        30.306479490999294,
        30.818580383361315,
        31.575874559448184,
        32.333168735535054,
        33.09046291162193,
        33.8477570877088,
        34.605051263795666,
        35.36234543988254,
        36.11963961596941,
        36.87693379205628,
        37.63422796814315,
        38.15612766450111,
        38.923923759237354,
        39.6917198539736,
        40.45951594870984,
        41.227312043446084,
        41.995108138182324,
        42.762904232918565,
        43.530700327654806,
        44.29849642239105,
        45.066292517127295,
        45.52738450961447,
        46.3030362457042,
        47.07868798179393,
        47.854339717883654,
        48.62999145397338,
        49.40564319006311,
        50.18129492615284,
        50.95694666224257,
        51.73259839833229,
        52.50825013442202,
        53.00088775622271,
        53.78381673399607,
        54.566745711769435,
        55.349674689542795,
        56.132603667316154,
        56.91553264508951,
        57.69846162286287,
        58.48139060063623,
        59.2643195784096,
        60.04724855618296,
        60.48274282794755,
        61.27135001901489,
        62.05995721008223,
        62.848564401149574,
        63.63717159221692,
        64.42577878328427,
        65.2143859743516,
        66.00299316541894,
        66.7916003564863,
        67.58020754755364,
        68.11246154306457,
        68.90727971429261,
        69.70209788552066,
        70.49691605674872,
        71.29173422797676,
        72.0865523992048,
        72.88137057043285,
        73.67618874166091,
        74.47100691288895,
        75.265825084117,
        75.7547202594821,
        76.55470123559233,
        77.35468221170257,
        78.1546631878128,
        78.95464416392302,
        79.75462514003327,
        80.5546061161435,
        81.35458709225372,
        82.15456806836397,
        82.95454904447419
    ],
    "dl_y_data_s2": [
        990.3513382148259,
        1062.6627057670198,
        1134.9740733192132,
        1207.2854408714068,
        1279.5968084236006,
        1351.9081759757944,
        1424.219543527988,
        1496.5309110801816,
        1568.8422786323752,
        1641.153646184569,
        1433.8400788445072,
        1497.0169405560466,
        1560.1938022675865,
        1623.370663979126,
        1686.5475256906652,
        1749.7243874022051,
        1812.9012491137446,
        1876.0781108252845,
        1939.254972536824,
        2002.4318342483634,
        1806.091601301329,
        1863.0739151969815,
        1920.0562290926339,
        1977.0385429882863,
        2034.0208568839382,
        2091.003170779591,
        2147.9854846752432,
        2204.9677985708954,
        2261.950112466548,
        2318.9324263622,
        2133.363961540318,
        2185.7863665781674,
        2238.208771616017,
        2290.631176653867,
        2343.0535816917168,
        2395.4759867295666,
        2447.8983917674163,
        2500.320796805266,
        2552.7432018431155,
        2605.1656068809657,
        2416.0463788369575,
        2464.6632351040175,
        2513.2800913710785,
        2561.8969476381385,
        2610.513803905199,
        2659.130660172259,
        2707.7475164393195,
        2756.3643727063795,
        2804.98122897344,
        2853.5980852405005,
        2686.513562515202,
        2732.283793580276,
        2778.0540246453497,
        2823.8242557104236,
        2869.594486775497,
        2915.364717840571,
        2961.1349489056447,
        3006.905179970719,
        3052.6754110357924,
        3098.4456421008663,
        2919.930024271344,
        2963.0632230884544,
        3006.196421905565,
        3049.3296207226754,
        3092.462819539786,
        3135.596018356896,
        3178.7292171740064,
        3221.862415991117,
        3264.9956148082274,
        3308.128813625338,
        3150.3200602030774,
        3191.3956618950674,
        3232.471263587058,
        3273.546865279048,
        3314.622466971038,
        3355.698068663029,
        3396.773670355018,
        3437.8492720470085,
        3478.9248737389994,
        3520.00047543099,
        3327.129191050465,
        3365.954138485351,
        3404.779085920237,
        3443.6040333551236,
        3482.4289807900095,
        3521.2539282248954,
        3560.0788756597813,
        3598.903823094668,
        3637.728770529554,
        3676.55371796444,
        3499.394239227992,
        3536.3483565384804,
        3573.302473848969,
        3610.2565911594575,
        3647.210708469945,
        3684.1648257804345,
        3721.118943090923,
        3758.0730604014107,
        3795.0271777118996,
        3831.9812950223877
    ],
    "nr_acceptance": 0.3,
    "er_rejection": 0.9989426434587008
}